{
  "name": "{{Dataset_Name}}",
  "compatibilityLevel": 1604,
  "model": {
    "name": "{{Dataset_Name}}",
    "culture": "en-US",
    "collation": "Latin1_General_100_BIN2_UTF8",
    "dataAccessOptions": {
      "legacyRedirects": true,
      "returnErrorValuesAsNull": true
    },
    "defaultPowerBIDataSourceVersion": "powerBI_V3",
    "sourceQueryCulture": "en-US",
    "tables": [
      {
        "name": "Customer",
        "sourceLineageTag": "[dbo].[Customer]",
        "columns": [
          {
            "name": "CustomerId",
            "dataType": "int64",
            "sourceColumn": "CustomerId",
            "formatString": "0",
            "sourceProviderType": "bigint",
            "sourceLineageTag": "CustomerId",
            "summarizeBy": "sum",
            "annotations": [
              {
                "name": "SummarizationSetBy",
                "value": "Automatic"
              }
            ]
          },
          {
            "name": "Age",
            "dataType": "int64",
            "sourceColumn": "Age",
            "formatString": "0",
            "sourceProviderType": "bigint",
            "sourceLineageTag": "Age",
            "summarizeBy": "sum",
            "annotations": [
              {
                "name": "SummarizationSetBy",
                "value": "Automatic"
              }
            ]
          },
          {
            "name": "City",
            "dataType": "string",
            "sourceColumn": "City",
            "sourceProviderType": "varchar",
            "sourceLineageTag": "City",
            "summarizeBy": "none",
            "annotations": [
              {
                "name": "SummarizationSetBy",
                "value": "Automatic"
              }
            ]
          },
          {
            "name": "State",
            "dataType": "string",
            "sourceColumn": "State",
            "sourceProviderType": "varchar",
            "sourceLineageTag": "State",
            "summarizeBy": "none",
            "annotations": [
              {
                "name": "SummarizationSetBy",
                "value": "Automatic"
              }
            ]
          },
          {
            "name": "Name",
            "dataType": "string",
            "sourceColumn": "Name",
            "sourceProviderType": "varchar",
            "sourceLineageTag": "Name",
            "summarizeBy": "none",
            "annotations": [
              {
                "name": "SummarizationSetBy",
                "value": "Automatic"
              }
            ]
          }
        ],
        "partitions": [
          {
            "name": "{{Dataset_Name}}",
            "mode": "directLake",
            "source": {
              "type": "entity",
              "entityName": "Customer",
              "expressionSource": "DatabaseQuery",
              "schemaName": "dbo"
            }
          }
        ],
        "annotations": [
          {
            "name": "IsTableInBiModel",
            "value": "True"
          }
        ]
      },
      {
        "name": "Geography",
        "sourceLineageTag": "[dbo].[Geography]",
        "columns": [
          {
            "name": "CityId",
            "dataType": "int64",
            "sourceColumn": "CityId",
            "formatString": "0",
            "sourceProviderType": "bigint",
            "sourceLineageTag": "CityId",
            "summarizeBy": "sum",
            "annotations": [
              {
                "name": "SummarizationSetBy",
                "value": "Automatic"
              }
            ]
          },
          {
            "name": "City",
            "dataType": "string",
            "sourceColumn": "City",
            "sourceProviderType": "varchar",
            "sourceLineageTag": "City",
            "summarizeBy": "none",
            "annotations": [
              {
                "name": "SummarizationSetBy",
                "value": "Automatic"
              }
            ]
          },
          {
            "name": "State",
            "dataType": "string",
            "sourceColumn": "State",
            "sourceProviderType": "varchar",
            "sourceLineageTag": "State",
            "summarizeBy": "none",
            "annotations": [
              {
                "name": "SummarizationSetBy",
                "value": "Automatic"
              }
            ]
          }
        ],
        "partitions": [
          {
            "name": "{{Dataset_Name}}",
            "mode": "directLake",
            "source": {
              "type": "entity",
              "entityName": "Geography",
              "expressionSource": "DatabaseQuery",
              "schemaName": "dbo"
            }
          }
        ],
        "annotations": [
          {
            "name": "IsTableInBiModel",
            "value": "True"
          }
        ]
      },
      {
        "name": "Item",
        "sourceLineageTag": "[dbo].[Item]",
        "columns": [
          {
            "name": "ItemId",
            "dataType": "int64",
            "sourceColumn": "ItemId",
            "formatString": "0",
            "sourceProviderType": "bigint",
            "sourceLineageTag": "ItemId",
            "summarizeBy": "sum",
            "annotations": [
              {
                "name": "SummarizationSetBy",
                "value": "Automatic"
              }
            ]
          },
          {
            "name": "Name",
            "dataType": "string",
            "sourceColumn": "Name",
            "sourceProviderType": "varchar",
            "sourceLineageTag": "Name",
            "summarizeBy": "none",
            "annotations": [
              {
                "name": "SummarizationSetBy",
                "value": "Automatic"
              }
            ]
          },
          {
            "name": "BrandId",
            "dataType": "int64",
            "sourceColumn": "BrandId",
            "formatString": "0",
            "sourceProviderType": "bigint",
            "sourceLineageTag": "BrandId",
            "summarizeBy": "sum",
            "annotations": [
              {
                "name": "SummarizationSetBy",
                "value": "Automatic"
              }
            ]
          },
          {
            "name": "CategoryId",
            "dataType": "int64",
            "sourceColumn": "CategoryId",
            "formatString": "0",
            "sourceProviderType": "bigint",
            "sourceLineageTag": "CategoryId",
            "summarizeBy": "sum",
            "annotations": [
              {
                "name": "SummarizationSetBy",
                "value": "Automatic"
              }
            ]
          },
          {
            "name": "SubCategoryId",
            "dataType": "int64",
            "sourceColumn": "SubCategoryId",
            "formatString": "0",
            "sourceProviderType": "bigint",
            "sourceLineageTag": "SubCategoryId",
            "summarizeBy": "sum",
            "annotations": [
              {
                "name": "SummarizationSetBy",
                "value": "Automatic"
              }
            ]
          },
          {
            "name": "Brand",
            "dataType": "string",
            "sourceColumn": "Brand",
            "sourceProviderType": "varchar",
            "sourceLineageTag": "Brand",
            "summarizeBy": "none",
            "annotations": [
              {
                "name": "SummarizationSetBy",
                "value": "Automatic"
              }
            ]
          },
          {
            "name": "Category",
            "dataType": "string",
            "sourceColumn": "Category",
            "sourceProviderType": "varchar",
            "sourceLineageTag": "Category",
            "summarizeBy": "none",
            "annotations": [
              {
                "name": "SummarizationSetBy",
                "value": "Automatic"
              }
            ]
          },
          {
            "name": "SubCategory",
            "dataType": "string",
            "sourceColumn": "SubCategory",
            "sourceProviderType": "varchar",
            "sourceLineageTag": "SubCategory",
            "summarizeBy": "none",
            "annotations": [
              {
                "name": "SummarizationSetBy",
                "value": "Automatic"
              }
            ]
          }
        ],
        "partitions": [
          {
            "name": "{{Dataset_Name}}",
            "mode": "directLake",
            "source": {
              "type": "entity",
              "entityName": "Item",
              "expressionSource": "DatabaseQuery",
              "schemaName": "dbo"
            }
          }
        ],
        "annotations": [
          {
            "name": "IsTableInBiModel",
            "value": "True"
          }
        ]
      },
      {
        "name": "Sales",
        "sourceLineageTag": "[dbo].[Sales]",
        "columns": [
          {
            "name": "OrderNo",
            "dataType": "int64",
            "sourceColumn": "OrderNo",
            "formatString": "0",
            "sourceProviderType": "bigint",
            "sourceLineageTag": "OrderNo",
            "summarizeBy": "sum",
            "annotations": [
              {
                "name": "SummarizationSetBy",
                "value": "Automatic"
              }
            ]
          },
          {
            "name": "ItemID",
            "dataType": "int64",
            "sourceColumn": "ItemID",
            "formatString": "0",
            "sourceProviderType": "bigint",
            "sourceLineageTag": "ItemID",
            "summarizeBy": "sum",
            "annotations": [
              {
                "name": "SummarizationSetBy",
                "value": "Automatic"
              }
            ]
          },
          {
            "name": "SalesDate",
            "dataType": "dateTime",
            "sourceColumn": "SalesDate",
            "formatString": "General Date",
            "sourceProviderType": "date",
            "sourceLineageTag": "SalesDate",
            "summarizeBy": "none",
            "annotations": [
              {
                "name": "SummarizationSetBy",
                "value": "Automatic"
              }
            ]
          },
          {
            "name": "DeilveryDate",
            "dataType": "dateTime",
            "sourceColumn": "DeilveryDate",
            "formatString": "General Date",
            "sourceProviderType": "date",
            "sourceLineageTag": "DeilveryDate",
            "summarizeBy": "none",
            "annotations": [
              {
                "name": "SummarizationSetBy",
                "value": "Automatic"
              }
            ]
          },
          {
            "name": "CustomerId",
            "dataType": "int64",
            "sourceColumn": "CustomerId",
            "formatString": "0",
            "sourceProviderType": "bigint",
            "sourceLineageTag": "CustomerId",
            "summarizeBy": "sum",
            "annotations": [
              {
                "name": "SummarizationSetBy",
                "value": "Automatic"
              }
            ]
          },
          {
            "name": "CityId",
            "dataType": "int64",
            "sourceColumn": "CityId",
            "formatString": "0",
            "sourceProviderType": "bigint",
            "sourceLineageTag": "CityId",
            "summarizeBy": "sum",
            "annotations": [
              {
                "name": "SummarizationSetBy",
                "value": "Automatic"
              }
            ]
          },
          {
            "name": "Qty",
            "dataType": "int64",
            "sourceColumn": "Qty",
            "formatString": "0",
            "sourceProviderType": "bigint",
            "sourceLineageTag": "Qty",
            "summarizeBy": "sum",
            "annotations": [
              {
                "name": "SummarizationSetBy",
                "value": "Automatic"
              }
            ]
          },
          {
            "name": "Price",
            "dataType": "int64",
            "sourceColumn": "Price",
            "formatString": "0",
            "sourceProviderType": "bigint",
            "sourceLineageTag": "Price",
            "summarizeBy": "sum",
            "annotations": [
              {
                "name": "SummarizationSetBy",
                "value": "Automatic"
              }
            ]
          },
          {
            "name": "cost",
            "dataType": "int64",
            "sourceColumn": "cost",
            "formatString": "0",
            "sourceProviderType": "bigint",
            "sourceLineageTag": "cost",
            "summarizeBy": "sum",
            "annotations": [
              {
                "name": "SummarizationSetBy",
                "value": "Automatic"
              }
            ]
          },
          {
            "name": "DiscountPercent",
            "dataType": "int64",
            "sourceColumn": "DiscountPercent",
            "formatString": "0",
            "sourceProviderType": "bigint",
            "sourceLineageTag": "DiscountPercent",
            "summarizeBy": "sum",
            "annotations": [
              {
                "name": "SummarizationSetBy",
                "value": "Automatic"
              }
            ]
          }
        ],
        "partitions": [
          {
            "name": "{{Dataset_Name}}",
            "mode": "directLake",
            "source": {
              "type": "entity",
              "entityName": "Sales",
              "expressionSource": "DatabaseQuery",
              "schemaName": "dbo"
            }
          }
        ],
        "annotations": [
          {
            "name": "IsTableInBiModel",
            "value": "True"
          }
        ]
      },
      {
        "name": "table1",
        "sourceLineageTag": "[dbo].[table1]",
        "columns": [
          {
            "name": "col1",
            "dataType": "int64",
            "sourceColumn": "col1",
            "formatString": "0",
            "sourceProviderType": "int",
            "sourceLineageTag": "col1",
            "summarizeBy": "sum",
            "annotations": [
              {
                "name": "SummarizationSetBy",
                "value": "Automatic"
              }
            ]
          }
        ],
        "partitions": [
          {
            "name": "{{Dataset_Name}}",
            "mode": "directLake",
            "source": {
              "type": "entity",
              "entityName": "table1",
              "expressionSource": "DatabaseQuery",
              "schemaName": "dbo"
            }
          }
        ],
        "annotations": [
          {
            "name": "IsTableInBiModel",
            "value": "True"
          }
        ]
      }
    ],
    "relationships": [
      {
        "name": "2d51bf44-b53a-45d7-a5ee-6cff57d7198c",
        "fromTable": "Sales",
        "fromColumn": "CustomerId",
        "toTable": "Customer",
        "toColumn": "CustomerId",
        "relyOnReferentialIntegrity": true,
        "securityFilteringBehavior": "none"
      },
      {
        "name": "ed56349a-8ec1-4d85-af5c-577a05b6e110",
        "fromTable": "Sales",
        "fromColumn": "CityId",
        "toTable": "Geography",
        "toColumn": "CityId",
        "relyOnReferentialIntegrity": true,
        "securityFilteringBehavior": "none"
      },
      {
        "name": "c75a172a-792a-462a-b21c-7dffd222a47b",
        "fromTable": "Sales",
        "fromColumn": "ItemID",
        "toTable": "Item",
        "toColumn": "ItemId",
        "relyOnReferentialIntegrity": true,
        "securityFilteringBehavior": "none"
      }
    ],
    "expressions": [
      {
        "name": "DatabaseQuery",
        "kind": "m",
        "expression": "let\n    database = {{TDS_Endpoint}}\nin\n    database\n"
      }
    ],
    "annotations": [
      {
        "name": "__PBI_TimeIntelligenceEnabled",
        "value": "0"
      },
      {
        "name": "PBI_QueryOrder",
        "value": "[\"exec_requests_history\",\"long_running_queries\",\"frequently_run_queries\",\"exec_sessions_history\",\"Sales\",\"Customer\",\"Geography\",\"Item\",\"table1\"]"
      },
      {
        "name": "SourceLineageTagType",
        "value": "DatabaseFullyQualifiedName"
      }
    ]
  }
}